{
    "$schema": "https://schema.management.azure.com/schemas/2015-01-01/deploymentParameters.json#",
    "contentVersion": "1.0.0.0",
    "parameters": {
        "clusterLocation": {
            "value": "westeurope"
        },
        "clusterName": {
            "value": "sfplayground"
        },
        "nt0applicationStartPort": {
            "value": 20000
        },
        "nt0applicationEndPort": {
            "value": 30000
        },
        "nt0ephemeralStartPort": {
            "value": 49152
        },
        "nt0ephemeralEndPort": {
            "value": 65534
        },
        "nt0fabricTcpGatewayPort": {
            "value": 19000
        },
        "nt0fabricHttpGatewayPort": {
            "value": 19080
        },
        "nt0reverseProxyEndpointPort": {
            "value": 19081
        },
        "subnet0Name": {
            "value": "Subnet-0"
        },
        "subnet0Prefix": {
            "value": "10.0.0.0/24"
        },
        "computeLocation": {
            "value": "westeurope"
        },
        "publicIPAddressName": {
            "value": "sfplayground-PubIP"
        },
        "publicIPAddressType": {
            "value": "Dynamic"
        },
        "vmStorageAccountContainerName": {
            "value": "vhds"
        },
        "adminUserName": {
            "value": "Hans"
        },
        "adminPassword": {
            "value": null
        },
        "virtualNetworkName": {
            "value": "VNet-sfplayground"
        },
        "addressPrefix": {
            "value": "10.0.0.0/16"
        },
        "dnsName": {
            "value": "sfplayground"
        },
        "nicName": {
            "value": "NIC-sfplayground"
        },
        "lbName": {
            "value": "LB-sfplayground"
        },
        "lbIPName": {
            "value": "LBIP-sfplayground"
        },
        "overProvision": {
            "value": "false"
        },
        "vmImagePublisher": {
            "value": "MicrosoftWindowsServer"
        },
        "vmImageOffer": {
            "value": "WindowsServer"
        },
        "vmImageSku": {
            "value": "2016-Datacenter-with-Containers"
        },
        "vmImageVersion": {
            "value": "latest"
        },
        "clusterProtectionLevel": {
            "value": "EncryptAndSign"
        },
        "certificateStoreValue": {
            "value": "My"
        },
        "certificateThumbprint": {
            "value": "246448E69DB66988C7AF50C0A310D2315C7B1EDC"
        },
        "sourceVaultValue": {
            "value": "/subscriptions/e6df5bb7-560d-44b4-b0a8-6426edc0b069/resourcegroups/SFPlayground/providers/Microsoft.KeyVault/vaults/SfPlaygroundVault"
        },
        "certificateUrlValue": {
            "value": "https://sfplaygroundvault.vault.azure.net/secrets/SFPlayground/09e8eefe487e4f2f8c6fe27c02dcdaf6"
        },
        "storageAccountType": {
            "value": "Standard_LRS"
        },
        "supportLogStorageAccountType": {
            "value": "Standard_LRS"
        },
        "supportLogStorageAccountName": {
            "value": "sflogssfplayground4312"
        },
        "applicationDiagnosticsStorageAccountType": {
            "value": "Standard_LRS"
        },
        "applicationDiagnosticsStorageAccountName": {
            "value": "sfdgsfplayground3445"
        },
        "nt0InstanceCount": {
            "value": 1
        },
        "vmNodeType0Name": {
            "value": "Node0"
        },
        "vmNodeType0Size": {
            "value": "Standard_D1_v2"
        }
    }
}