{
    "$schema": "http://schema.management.azure.com/schemas/2015-01-01/deploymentTemplate.json",
    "contentVersion": "1.0.0.0",
    "parameters": {
        "clusterLocation": {
            "type": "String",
            "metadata": {
                "description": "Location of the Cluster"
            }
        },
        "clusterName": {
            "defaultValue": "Cluster",
            "type": "String",
            "metadata": {
                "description": "Name of your cluster - Between 3 and 23 characters. Letters and numbers only"
            }
        },
        "nt0applicationStartPort": {
            "defaultValue": 20000,
            "type": "Int"
        },
        "nt0applicationEndPort": {
            "defaultValue": 30000,
            "type": "Int"
        },
        "nt0ephemeralStartPort": {
            "defaultValue": 49152,
            "type": "Int"
        },
        "nt0ephemeralEndPort": {
            "defaultValue": 65534,
            "type": "Int"
        },
        "nt0fabricTcpGatewayPort": {
            "defaultValue": 19000,
            "type": "Int"
        },
        "nt0fabricHttpGatewayPort": {
            "defaultValue": 19080,
            "type": "Int"
        },
        "nt0reverseProxyEndpointPort": {
            "defaultValue": 19081,
            "type": "Int"
        },
        "subnet0Name": {
            "defaultValue": "Subnet-0",
            "type": "String"
        },
        "subnet0Prefix": {
            "defaultValue": "10.0.0.0/24",
            "type": "String"
        },
        "computeLocation": {
            "type": "String"
        },
        "publicIPAddressName": {
            "defaultValue": "PublicIP-VM",
            "type": "String"
        },
        "publicIPAddressType": {
            "defaultValue": "Dynamic",
            "allowedValues": [
                "Dynamic"
            ],
            "type": "String"
        },
        "vmStorageAccountContainerName": {
            "defaultValue": "vhds",
            "type": "String"
        },
        "adminUserName": {
            "defaultValue": "testadm",
            "type": "String",
            "metadata": {
                "description": "Remote desktop user Id"
            }
        },
        "adminPassword": {
            "type": "SecureString",
            "metadata": {
                "description": "Remote desktop user password. Must be a strong password"
            }
        },
        "virtualNetworkName": {
            "defaultValue": "VNet",
            "type": "String"
        },
        "addressPrefix": {
            "defaultValue": "10.0.0.0/16",
            "type": "String"
        },
        "dnsName": {
            "type": "String"
        },
        "nicName": {
            "defaultValue": "NIC",
            "type": "String"
        },
        "lbName": {
            "defaultValue": "LoadBalancer",
            "type": "String"
        },
        "lbIPName": {
            "defaultValue": "PublicIP-LB-FE",
            "type": "String"
        },
        "overProvision": {
            "defaultValue": "false",
            "type": "String"
        },
        "vmImagePublisher": {
            "defaultValue": "MicrosoftWindowsServer",
            "type": "String"
        },
        "vmImageOffer": {
            "defaultValue": "WindowsServer",
            "type": "String"
        },
        "vmImageSku": {
            "defaultValue": "2012-R2-Datacenter",
            "type": "String"
        },
        "vmImageVersion": {
            "defaultValue": "latest",
            "type": "String"
        },
        "clusterProtectionLevel": {
            "defaultValue": "EncryptAndSign",
            "allowedValues": [
                "None",
                "Sign",
                "EncryptAndSign"
            ],
            "type": "String",
            "metadata": {
                "description": "Protection level.Three values are allowed - EncryptAndSign, Sign, None. It is best to keep the default of EncryptAndSign, unless you have a need not to"
            }
        },
        "certificateStoreValue": {
            "defaultValue": "My",
            "allowedValues": [
                "My"
            ],
            "type": "String",
            "metadata": {
                "description": "The store name where the cert will be deployed in the virtual machine"
            }
        },
        "certificateThumbprint": {
            "type": "String",
            "metadata": {
                "description": "Certificate Thumbprint"
            }
        },
        "sourceVaultValue": {
            "type": "String",
            "metadata": {
                "description": "Resource Id of the key vault, is should be in the format of /subscriptions/<Sub ID>/resourceGroups/<Resource group name>/providers/Microsoft.KeyVault/vaults/<vault name>"
            }
        },
        "certificateUrlValue": {
            "type": "String",
            "metadata": {
                "description": "Refers to the location URL in your key vault where the certificate was uploaded, it is should be in the format of https://<name of the vault>.vault.azure.net:443/secrets/<exact location>"
            }
        },
        "storageAccountType": {
            "defaultValue": "Standard_LRS",
            "allowedValues": [
                "Standard_LRS",
                "Standard_GRS"
            ],
            "type": "String",
            "metadata": {
                "description": "Replication option for the VM image storage account"
            }
        },
        "supportLogStorageAccountType": {
            "defaultValue": "Standard_LRS",
            "allowedValues": [
                "Standard_LRS",
                "Standard_GRS"
            ],
            "type": "String",
            "metadata": {
                "description": "Replication option for the support log storage account"
            }
        },
        "supportLogStorageAccountName": {
            "defaultValue": "[toLower( concat('sflogs', uniqueString(resourceGroup().id),'2'))]",
            "type": "String",
            "metadata": {
                "description": "Name for the storage account that contains support logs from the cluster"
            }
        },
        "applicationDiagnosticsStorageAccountType": {
            "defaultValue": "Standard_LRS",
            "allowedValues": [
                "Standard_LRS",
                "Standard_GRS"
            ],
            "type": "String",
            "metadata": {
                "description": "Replication option for the application diagnostics storage account"
            }
        },
        "applicationDiagnosticsStorageAccountName": {
            "defaultValue": "[toLower(concat(uniqueString(resourceGroup().id), '3' ))]",
            "type": "String",
            "metadata": {
                "description": "Name for the storage account that contains application diagnostics data from the cluster"
            }
        },
        "nt0InstanceCount": {
            "defaultValue": 1,
            "type": "Int",
            "metadata": {
                "description": "Instance count for node type"
            }
        },
        "vmNodeType0Name": {
            "defaultValue": "Node0",
            "maxLength": 9,
            "type": "String"
        },
        "vmNodeType0Size": {
            "defaultValue": "Standard_D1_v2",
            "type": "String"
        }
    },
    "variables": {
        "vmssApiVersion": "2017-03-30",
        "lbApiVersion": "2015-06-15",
        "vNetApiVersion": "2015-06-15",
        "storageApiVersion": "2016-01-01",
        "publicIPApiVersion": "2015-06-15",
        "vnetID": "[resourceId('Microsoft.Network/virtualNetworks',parameters('virtualNetworkName'))]",
        "subnet0Ref": "[concat(variables('vnetID'),'/subnets/',parameters('subnet0Name'))]",
        "lbID0": "[resourceId('Microsoft.Network/loadBalancers', concat('LB','-', parameters('clusterName'),'-',parameters('vmNodeType0Name')))]",
        "lbIPConfig0": "[concat(variables('lbID0'),'/frontendIPConfigurations/LoadBalancerIPConfig')]",
        "lbPoolID0": "[concat(variables('lbID0'),'/backendAddressPools/LoadBalancerBEAddressPool')]",
        "lbProbeID0": "[concat(variables('lbID0'),'/probes/FabricGatewayProbe')]",
        "lbHttpProbeID0": "[concat(variables('lbID0'),'/probes/FabricHttpGatewayProbe')]",
        "lbNatPoolID0": "[concat(variables('lbID0'),'/inboundNatPools/LoadBalancerBEAddressNatPool')]",
        "vmStorageAccountName0": "[toLower(concat(uniqueString(resourceGroup().id), '1', '0' ))]"
    },
    "resources": [
        {
            "type": "Microsoft.Storage/storageAccounts",
            "sku": {
                "name": "[parameters('supportLogStorageAccountType')]"
            },
            "kind": "Storage",
            "name": "[parameters('supportLogStorageAccountName')]",
            "apiVersion": "[variables('storageApiVersion')]",
            "location": "[parameters('computeLocation')]",
            "tags": {
                "resourceType": "Service Fabric",
                "clusterName": "[parameters('clusterName')]"
            },
            "properties": {},
            "dependsOn": []
        },
        {
            "type": "Microsoft.Storage/storageAccounts",
            "sku": {
                "name": "[parameters('applicationDiagnosticsStorageAccountType')]"
            },
            "kind": "Storage",
            "name": "[parameters('applicationDiagnosticsStorageAccountName')]",
            "apiVersion": "[variables('storageApiVersion')]",
            "location": "[parameters('computeLocation')]",
            "tags": {
                "resourceType": "Service Fabric",
                "clusterName": "[parameters('clusterName')]"
            },
            "properties": {},
            "dependsOn": []
        },
        {
            "type": "Microsoft.Network/virtualNetworks",
            "name": "[parameters('virtualNetworkName')]",
            "apiVersion": "[variables('vNetApiVersion')]",
            "location": "[parameters('computeLocation')]",
            "tags": {
                "resourceType": "Service Fabric",
                "clusterName": "[parameters('clusterName')]"
            },
            "properties": {
                "addressSpace": {
                    "addressPrefixes": [
                        "[parameters('addressPrefix')]"
                    ]
                },
                "subnets": [
                    {
                        "name": "[parameters('subnet0Name')]",
                        "properties": {
                            "addressPrefix": "[parameters('subnet0Prefix')]"
                        }
                    }
                ]
            },
            "dependsOn": []
        },
        {
            "type": "Microsoft.Network/publicIPAddresses",
            "name": "[concat(parameters('lbIPName'),'-','0')]",
            "apiVersion": "[variables('publicIPApiVersion')]",
            "location": "[parameters('computeLocation')]",
            "tags": {
                "resourceType": "Service Fabric",
                "clusterName": "[parameters('clusterName')]"
            },
            "properties": {
                "dnsSettings": {
                    "domainNameLabel": "[parameters('dnsName')]"
                },
                "publicIPAllocationMethod": "Dynamic"
            }
        },
        {
            "type": "Microsoft.Network/loadBalancers",
            "name": "[concat('LB','-', parameters('clusterName'),'-',parameters('vmNodeType0Name'))]",
            "apiVersion": "[variables('lbApiVersion')]",
            "location": "[parameters('computeLocation')]",
            "tags": {
                "resourceType": "Service Fabric",
                "clusterName": "[parameters('clusterName')]"
            },
            "properties": {
                "frontendIPConfigurations": [
                    {
                        "name": "LoadBalancerIPConfig",
                        "properties": {
                            "publicIPAddress": {
                                "id": "[resourceId('Microsoft.Network/publicIPAddresses',concat(parameters('lbIPName'),'-','0'))]"
                            }
                        }
                    }
                ],
                "backendAddressPools": [
                    {
                        "name": "LoadBalancerBEAddressPool",
                        "properties": {}
                    }
                ],
                "loadBalancingRules": [
                    {
                        "name": "LBRule",
                        "properties": {
                            "backendAddressPool": {
                                "id": "[variables('lbPoolID0')]"
                            },
                            "backendPort": "[parameters('nt0fabricTcpGatewayPort')]",
                            "enableFloatingIP": "false",
                            "frontendIPConfiguration": {
                                "id": "[variables('lbIPConfig0')]"
                            },
                            "frontendPort": "[parameters('nt0fabricTcpGatewayPort')]",
                            "idleTimeoutInMinutes": "5",
                            "probe": {
                                "id": "[variables('lbProbeID0')]"
                            },
                            "protocol": "tcp"
                        }
                    },
                    {
                        "name": "LBHttpRule",
                        "properties": {
                            "backendAddressPool": {
                                "id": "[variables('lbPoolID0')]"
                            },
                            "backendPort": "[parameters('nt0fabricHttpGatewayPort')]",
                            "enableFloatingIP": "false",
                            "frontendIPConfiguration": {
                                "id": "[variables('lbIPConfig0')]"
                            },
                            "frontendPort": "[parameters('nt0fabricHttpGatewayPort')]",
                            "idleTimeoutInMinutes": "5",
                            "probe": {
                                "id": "[variables('lbHttpProbeID0')]"
                            },
                            "protocol": "tcp"
                        }
                    }
                ],
                "probes": [
                    {
                        "name": "FabricGatewayProbe",
                        "properties": {
                            "intervalInSeconds": 5,
                            "numberOfProbes": 2,
                            "port": "[parameters('nt0fabricTcpGatewayPort')]",
                            "protocol": "tcp"
                        }
                    },
                    {
                        "name": "FabricHttpGatewayProbe",
                        "properties": {
                            "intervalInSeconds": 5,
                            "numberOfProbes": 2,
                            "port": "[parameters('nt0fabricHttpGatewayPort')]",
                            "protocol": "tcp"
                        }
                    }
                ],
                "inboundNatPools": [
                    {
                        "name": "LoadBalancerBEAddressNatPool",
                        "properties": {
                            "backendPort": "3389",
                            "frontendIPConfiguration": {
                                "id": "[variables('lbIPConfig0')]"
                            },
                            "frontendPortRangeEnd": "4500",
                            "frontendPortRangeStart": "3389",
                            "protocol": "tcp"
                        }
                    }
                ]
            },
            "dependsOn": [
                "[concat('Microsoft.Network/publicIPAddresses/',concat(parameters('lbIPName'),'-','0'))]"
            ]
        },
        {
            "type": "Microsoft.Compute/virtualMachineScaleSets",
            "sku": {
                "name": "[parameters('vmNodeType0Size')]",
                "capacity": "[parameters('nt0InstanceCount')]",
                "tier": "Standard"
            },
            "name": "[parameters('vmNodeType0Name')]",
            "apiVersion": "[variables('vmssApiVersion')]",
            "location": "[parameters('computeLocation')]",
            "tags": {
                "resourceType": "Service Fabric",
                "clusterName": "[parameters('clusterName')]"
            },
            "properties": {
                "overprovision": "[parameters('overProvision')]",
                "upgradePolicy": {
                    "mode": "Automatic"
                },
                "virtualMachineProfile": {
                    "extensionProfile": {
                        "extensions": [
                            {
                                "name": "[concat(parameters('vmNodeType0Name'),'_ServiceFabricNode')]",
                                "properties": {
                                    "type": "ServiceFabricNode",
                                    "autoUpgradeMinorVersion": true,
                                    "protectedSettings": {
                                        "StorageAccountKey1": "[listKeys(resourceId('Microsoft.Storage/storageAccounts', parameters('supportLogStorageAccountName')),'2015-05-01-preview').key1]",
                                        "StorageAccountKey2": "[listKeys(resourceId('Microsoft.Storage/storageAccounts', parameters('supportLogStorageAccountName')),'2015-05-01-preview').key2]"
                                    },
                                    "publisher": "Microsoft.Azure.ServiceFabric",
                                    "settings": {
                                        "clusterEndpoint": "[reference(parameters('clusterName')).clusterEndpoint]",
                                        "nodeTypeRef": "[parameters('vmNodeType0Name')]",
                                        "dataPath": "D:\\\\SvcFab",
                                        "durabilityLevel": "Bronze",
                                        "enableParallelJobs": true,
                                        "nicPrefixOverride": "[parameters('subnet0Prefix')]",
                                        "certificate": {
                                            "thumbprint": "[parameters('certificateThumbprint')]",
                                            "x509StoreName": "[parameters('certificateStoreValue')]"
                                        }
                                    },
                                    "typeHandlerVersion": "1.0"
                                }
                            },
                            {
                                "name": "[concat('VMDiagnosticsVmExt','_vmNodeType0Name')]",
                                "properties": {
                                    "type": "IaaSDiagnostics",
                                    "autoUpgradeMinorVersion": true,
                                    "protectedSettings": {
                                        "storageAccountName": "[parameters('applicationDiagnosticsStorageAccountName')]",
                                        "storageAccountKey": "[listKeys(resourceId('Microsoft.Storage/storageAccounts', parameters('applicationDiagnosticsStorageAccountName')),'2015-05-01-preview').key1]",
                                        "storageAccountEndPoint": "https://core.windows.net/"
                                    },
                                    "publisher": "Microsoft.Azure.Diagnostics",
                                    "settings": {
                                        "WadCfg": {
                                            "DiagnosticMonitorConfiguration": {
                                                "overallQuotaInMB": "50000",
                                                "EtwProviders": {
                                                    "EtwEventSourceProviderConfiguration": [
                                                        {
                                                            "provider": "Microsoft-ServiceFabric-Actors",
                                                            "scheduledTransferKeywordFilter": "1",
                                                            "scheduledTransferPeriod": "PT5M",
                                                            "DefaultEvents": {
                                                                "eventDestination": "ServiceFabricReliableActorEventTable"
                                                            }
                                                        },
                                                        {
                                                            "provider": "Microsoft-ServiceFabric-Services",
                                                            "scheduledTransferPeriod": "PT5M",
                                                            "DefaultEvents": {
                                                                "eventDestination": "ServiceFabricReliableServiceEventTable"
                                                            }
                                                        }
                                                    ],
                                                    "EtwManifestProviderConfiguration": [
                                                        {
                                                            "provider": "cbd93bc2-71e5-4566-b3a7-595d8eeca6e8",
                                                            "scheduledTransferLogLevelFilter": "Information",
                                                            "scheduledTransferKeywordFilter": "4611686018427387904",
                                                            "scheduledTransferPeriod": "PT5M",
                                                            "DefaultEvents": {
                                                                "eventDestination": "ServiceFabricSystemEventTable"
                                                            }
                                                        }
                                                    ]
                                                }
                                            }
                                        },
                                        "StorageAccount": "[parameters('applicationDiagnosticsStorageAccountName')]"
                                    },
                                    "typeHandlerVersion": "1.5"
                                }
                            }
                        ]
                    },
                    "networkProfile": {
                        "networkInterfaceConfigurations": [
                            {
                                "name": "[concat(parameters('nicName'), '-0')]",
                                "properties": {
                                    "ipConfigurations": [
                                        {
                                            "name": "[concat(parameters('nicName'),'-',0)]",
                                            "properties": {
                                                "loadBalancerBackendAddressPools": [
                                                    {
                                                        "id": "[variables('lbPoolID0')]"
                                                    }
                                                ],
                                                "loadBalancerInboundNatPools": [
                                                    {
                                                        "id": "[variables('lbNatPoolID0')]"
                                                    }
                                                ],
                                                "subnet": {
                                                    "id": "[variables('subnet0Ref')]"
                                                }
                                            }
                                        }
                                    ],
                                    "primary": true
                                }
                            }
                        ]
                    },
                    "osProfile": {
                        "adminPassword": "[parameters('adminPassword')]",
                        "adminUsername": "[parameters('adminUsername')]",
                        "computernamePrefix": "[parameters('vmNodeType0Name')]",
                        "secrets": [
                            {
                                "sourceVault": {
                                    "id": "[parameters('sourceVaultValue')]"
                                },
                                "vaultCertificates": [
                                    {
                                        "certificateStore": "[parameters('certificateStoreValue')]",
                                        "certificateUrl": "[parameters('certificateUrlValue')]"
                                    }
                                ]
                            }
                        ]
                    },
                    "storageProfile": {
                        "imageReference": {
                            "publisher": "[parameters('vmImagePublisher')]",
                            "offer": "[parameters('vmImageOffer')]",
                            "sku": "[parameters('vmImageSku')]",
                            "version": "[parameters('vmImageVersion')]"
                        },
                        "osDisk": {
                            "caching": "ReadOnly",
                            "createOption": "FromImage",
                            "managedDisk": {
                                "storageAccountType": "[parameters('storageAccountType')]"
                            }
                        }
                    }
                }
            },
            "dependsOn": [
                "[concat('Microsoft.Network/virtualNetworks/', parameters('virtualNetworkName'))]",
                "[concat('Microsoft.Network/loadBalancers/', concat('LB','-', parameters('clusterName'),'-',parameters('vmNodeType0Name')))]",
                "[concat('Microsoft.Storage/storageAccounts/', parameters('supportLogStorageAccountName'))]",
                "[concat('Microsoft.Storage/storageAccounts/', parameters('applicationDiagnosticsStorageAccountName'))]"
            ]
        },
        {
            "type": "Microsoft.ServiceFabric/clusters",
            "name": "[parameters('clusterName')]",
            "apiVersion": "2017-07-01-preview",
            "location": "[parameters('clusterLocation')]",
            "tags": {
                "resourceType": "Service Fabric",
                "clusterName": "[parameters('clusterName')]"
            },
            "properties": {
                "addonFeatures": [
                    "DnsService"
                ],
                "certificate": {
                    "thumbprint": "[parameters('certificateThumbprint')]",
                    "x509StoreName": "[parameters('certificateStoreValue')]"
                },
                "clientCertificateCommonNames": [],
                "clientCertificateThumbprints": [],
                "clusterState": "Default",
                "diagnosticsStorageAccountConfig": {
                    "blobEndpoint": "[reference(concat('Microsoft.Storage/storageAccounts/', parameters('supportLogStorageAccountName')), variables('storageApiVersion')).primaryEndpoints.blob]",
                    "protectedAccountKeyName": "StorageAccountKey1",
                    "queueEndpoint": "[reference(concat('Microsoft.Storage/storageAccounts/', parameters('supportLogStorageAccountName')), variables('storageApiVersion')).primaryEndpoints.queue]",
                    "storageAccountName": "[parameters('supportLogStorageAccountName')]",
                    "tableEndpoint": "[reference(concat('Microsoft.Storage/storageAccounts/', parameters('supportLogStorageAccountName')), variables('storageApiVersion')).primaryEndpoints.table]"
                },
                "fabricSettings": [
                    {
                        "parameters": [
                            {
                                "name": "ClusterProtectionLevel",
                                "value": "[parameters('clusterProtectionLevel')]"
                            }
                        ],
                        "name": "Security"
                    }
                ],
                "managementEndpoint": "[concat('https://',reference(concat(parameters('lbIPName'),'-','0')).dnsSettings.fqdn,':',parameters('nt0fabricHttpGatewayPort'))]",
                "nodeTypes": [
                    {
                        "name": "[parameters('vmNodeType0Name')]",
                        "applicationPorts": {
                            "endPort": "[parameters('nt0applicationEndPort')]",
                            "startPort": "[parameters('nt0applicationStartPort')]"
                        },
                        "clientConnectionEndpointPort": "[parameters('nt0fabricTcpGatewayPort')]",
                        "durabilityLevel": "Bronze",
                        "ephemeralPorts": {
                            "endPort": "[parameters('nt0ephemeralEndPort')]",
                            "startPort": "[parameters('nt0ephemeralStartPort')]"
                        },
                        "httpGatewayEndpointPort": "[parameters('nt0fabricHttpGatewayPort')]",
                        "isPrimary": true,
                        "reverseProxyEndpointPort": "[parameters('nt0reverseProxyEndpointPort')]",
                        "vmInstanceCount": "[parameters('nt0InstanceCount')]"
                    }
                ],
                "provisioningState": "Default",
                "reliabilityLevel": "None",
                "upgradeMode": "Automatic",
                "vmImage": "Windows"
            },
            "dependsOn": [
                "[concat('Microsoft.Storage/storageAccounts/', parameters('supportLogStorageAccountName'))]"
            ]
        }
    ],
    "outputs": {
        "clusterProperties": {
            "type": "Object",
            "value": "[reference(parameters('clusterName'))]"
        }
    }
}